,keyword,title,summary,date,href
0,artificial intelligence,УниКредит дава 50 000 евро награда в Appathon 2016 - състезанието за иновативни мобилни приложения,Това е голямата награда в тазгодишния Appathon на групата - онлайн състезанието за разработчици на финансови услуги,2016-07-05T09:03:00+03:00,https://www.unicreditbulbank.bg/bg/za-nas/media/novini/unikredit-dava-50-000-evro-nagrada-v-appathon-2016/
1,big data,"Промоция 0% лихва, такси, ГПР за 10 месеца от УниКредит Кънсюмър Файненсинг ЕАД в ИКЕА",Обзавеждането на мечтания дом сега е мисия възможна с невероятното предложение от ИКЕА и УниКредит Кънсюмър Файненсинг ЕАД.&nbsp;&nbsp;,2023-01-27T17:28:12+02:00,https://www.unicreditbulbank.bg/bg/za-nas/media/novini/promociq-0-lihva-taksi-gpr-za-10-meseca/
2,big data,"0% лихва, ГПР и без такса за 6 или 10 месеца от УниКредит Кънсюмър Файненсинг в eMAG!","0% лихва, ГПР и без такси за 6 или 10-месечен период на изплащане от УниКредит Кънсюмър Файненсинг&nbsp;в eMAG.",2023-01-10T13:29:30+02:00,https://www.unicreditbulbank.bg/bg/za-nas/media/novini/0-lihva-gpr-i-bez-taksa-za-6-ili-10-meseca/
3,big data,Бъдете готови за шопинг битката!,И тази година имате възможността да се възползвате от страхотните намаленията по време на голямото пазаруване с Любимият партньор на ЧЕРНИЯ ПЕТЪК.&nbsp;,2022-11-07T16:27:56+02:00,https://www.unicreditbulbank.bg/bg/za-nas/media/novini/bdete-gotovi-za-shoping-bitkata/
4,big data,"0% лихва, такси, ГПР за 10 месеца от УниКредит Кънсюмър Файненсинг и първата вноска подарък от ИКЕА",Сега е моментът да обзаведете дома на мечтите си с невероятното предложение от ИКЕА и УниКредит Кънсюмър Файненсинг.,2022-10-05T10:05:27+03:00,https://www.unicreditbulbank.bg/bg/za-nas/media/novini/promociq-0-lihva-taksi-gpr-za-10-meseca-unicredit/
5,big data,"Електрически скутер Моторетта на изплащане с 0% лихва, такси и ГПР от УниКредит Кънсюмър Файненсинг","Удължете лятото в дните си с електрически скутер Моторетта. 100% екологичен градски скутер без вредни емисии и шум за тези, които търсят удобно, бързо и без трафик градско придвижване.",2022-09-08T15:48:25+03:00,https://www.unicreditbulbank.bg/bg/za-nas/media/novini/elektricheski-skuter-motoretta-ucf/
6,big data,УниКредит Кънсюмър Файненсинг дарява 22 992 лв. на SOS Детски селища България,На 30 юни 2022 г. приключи поредната съвместна кампания на УниКредит Кънсюмър Файненсинг и SOS Детски селища България - „Заедно сбъдваме детски мечти!“.&nbsp;,2022-08-10T11:00:51+03:00,https://www.unicreditbulbank.bg/bg/za-nas/media/novini/ucf-darqava-22-992-lv/
7,big data,Специално лятно предложение от УниКредит Кънсюмър Файненсинг в eMAG!,"От 19.07.2022 г. – 24.07.2022 г. УниКредит Кънсюмър Файненсинг&nbsp;и eMAG имат за Вас, специално предложение за повече летни емоции.",2022-07-07T09:25:13+03:00,https://www.unicreditbulbank.bg/bg/za-nas/media/novini/specialno-lyatno-predlozhenie-ot-unikredit-knsyumr/
8,big data,"0% лихва, такси, ГПР от УниКредит Кънсюмър Файненсинг в eMAG!","Специално мартенско предложение от УниКредит Кънсюмър Файненсинг&nbsp;и eMAG - 0% лихва, 0% ГПР и без такси за 12-месечен период на изплащане.",2022-03-08T15:12:32+02:00,https://www.unicreditbulbank.bg/bg/za-nas/media/novini/0-lihva-taksi-gpr-ot-ucf-march-2022/
9,big data,"0% лихва, такси, ГПР за 10 месеца от УКФ в ИКЕА","Сега е моментът да обновите дома си с промоционалното предложение на УниКредит Къснюмър Файненсинг в ИКЕА – 0% лихва, 0 лв. такси, 0% ГПР.",2022-01-28T13:52:17+02:00,https://www.unicreditbulbank.bg/bg/za-nas/media/novini/0-lihva-taksi-gpr-za-10-meseca-ot-ucf-v-ikea/
10,big data,"0% лихва, 0% такси, 0% ГПР при покупка на изплащане от УКФ в Decathlon","Decathlon и УниКредит Кънсюмър Файненсинг имат предложение за екипировката, от която се нуждае всеки привърженик на спорта.",2021-11-10T17:15:24+02:00,https://www.unicreditbulbank.bg/bg/za-nas/media/novini/0-lihva-0-taksi-0-gpr-pri-pokupka-november/
11,big data,"0% лихва, такси, ГПР при покупка на изплащане от УКФ в Атама!","Атама и УниКредит Кънсюмър Файненсинг имат предложение, от което се нуждаете, за да постигнете целите си! Вземете на изплащане без оскъпяване бягаща пътека MYRUN на TECHNOGYM, за тренировка у дома.",2021-10-08T15:47:07+03:00,https://www.unicreditbulbank.bg/bg/za-nas/media/novini/0-lihva-taksi-gpr-pri-pokupka-na-izplashane-atama/
12,big data,УКБ и Българска Независима Енергийна Борса постигнаха споразумение за издаване на банкови гаранции,"Двете страни постигнаха споразумение за издаване на банкови гаранции, подписани с Квалифициран електронен подпис (КЕП). Обменът на документация ще се случва електронно, което значително ще улесни и съкрати процеса.",2021-09-23T10:09:29+03:00,https://www.unicreditbulbank.bg/bg/za-nas/media/novini/ucb-i-bneb-postignaha-sporazumenie/
13,big data,УКБ и Българска Независима Енергийна Борса постигнаха споразумение за издаване на банкови гаранции,"Двете страни постигнаха споразумение за издаване на банкови гаранции, подписани с Квалифициран електронен подпис (КЕП). Обменът на документация ще се случва електронно, което значително ще улесни и съкрати процеса.",2021-09-23T10:09:29+03:00,https://www.unicreditbulbank.bg/bg/za-nas/media/novini/ucb-i-bneb-postignaha-sporazumenie/
14,big data,Влез във форма с InSPORTline от Саксо с 0% лихва от УКФ,За всички любители на спорта САКСО ООД и УниКредит Кънсюмър Файненсинг имат страхотна оферта.,2021-08-30T14:13:39+03:00,https://www.unicreditbulbank.bg/bg/za-nas/media/novini/vlez-vv-forma-s-insportline-ot-sakso-s-0-lihva/
15,big data,"0% лихва, такси, ГПР от УниКредит Кънсюмър Файненсинг в eMAG!","От 24.08.2021 г. до 27.08.2021 г. УниКредит Кънсюмър Файненсинг&nbsp;и eMAG ще са в съвместна промоционална кампания 0% лихва, 0% ГПР и без такси за 12-месечен период на изплащане.",2021-08-09T16:53:01+03:00,https://www.unicreditbulbank.bg/bg/za-nas/media/novini/0-lihva-taksi-gpr-ot-ucf/
16,big data,"0% лихва, такси, ГПР от УниКредит Кънсюмър Файненсинг в eMAG!",От 13.07.2021 г. до 16.07.2021 г. <strong>УниКредит Кънсюмър Файненсинг&nbsp;</strong>и <strong>eMAG </strong>ще са в съвместна промоционална кампания.,2021-07-08T17:48:09+03:00,https://www.unicreditbulbank.bg/bg/za-nas/media/novini/ucfin-emag-july-campaign-2021/
17,big data,Обръщение на Андреа Орчел към клиентите,"За мен е изключителна гордост да бъда назначен за Главен изпълнителен директор на УниКредит и поемам лично отговорността действително да изпълняваме ролята и на партньор по начина, по който очаквате от своята банка.",2021-04-16T14:32:32+03:00,https://www.unicreditbulbank.bg/bg/za-nas/media/novini/obrashtenie-na-andrea-orcel/
18,big data,Обръщение на Андреа Орчел към клиентите,"За мен е изключителна гордост да бъда назначен за Главен изпълнителен директор на УниКредит и поемам лично отговорността действително да изпълняваме ролята и на партньор по начина, по който очаквате от своята банка.",2021-04-16T14:32:32+03:00,https://www.unicreditbulbank.bg/bg/za-nas/media/novini/obrashtenie-na-andrea-orcel/
19,big data,"0% лихва, такси, ГПР от УниКредит Кънсюмър Файненсинг в eMAG!","От 13.04.2021 г. до 16.04.2021 г. УниКредит Кънсюмър Файненсинг&nbsp;и eMAG ще са в съвместна промоционална кампания 0% лихва, такси, ГПР за 12-месечен период на изплащане.",2021-04-13T09:34:24+03:00,https://www.unicreditbulbank.bg/bg/za-nas/media/novini/0-lihva-taksi-gpr-ot-unicredit-consume-financing-/
20,big data,"0% лихва, такси, ГПР за 6 или 10 месеца от УКФ в Технополис",Купете избрани стоки от Технополис на изплащане без оскъпяване от УниКредит Кънсюмър Файненсинг.,2021-03-05T17:41:39+02:00,https://www.unicreditbulbank.bg/bg/za-nas/media/novini/0-lihva-taksi-gpr-za-6-ili-10-meseca-ot-ukf-2021/
21,big data,Клиентите на ипотечни кредити с нова възможност да намалят вноските си,"Клиентите на УниКредит Булбанк имат възможност да се възползват от преференциални условия за ипотечно кредитиране на имоти с висок енергиен клас, коментираха експерти от банката по време на онлайн пресконференция, посветена на възможностите на пазара на ипотеките.",2021-02-17T13:44:47+02:00,https://www.unicreditbulbank.bg/bg/za-nas/media/novini/klientite-na-ipotechni-krediti-s-nova-vzmozhnost/
22,big data,Клиентите на ипотечни кредити с нова възможност да намалят вноските си,"Клиентите на УниКредит Булбанк имат възможност да се възползват от преференциални условия за ипотечно кредитиране на имоти с висок енергиен клас, коментираха експерти от банката по време на онлайн пресконференция, посветена на възможностите на пазара на ипотеките.",2021-02-17T13:44:47+02:00,https://www.unicreditbulbank.bg/bg/za-nas/media/novini/klientite-na-ipotechni-krediti-s-nova-vzmozhnost/
23,big data,"0% лихва, такси, ГПР за 10 месеца от УниКредит Кънсюмър Файненсинг в ИКЕА",Предложението е валидно само за физически лица при кандидатстване за стоков кредит на обща стойност над 300 лв.,2021-02-01T10:24:24+02:00,https://www.unicreditbulbank.bg/bg/za-nas/media/novini/0-lihva-taksi-gpr-za-10-meseca-ucf/
24,big data,Спечели шопинг битката заедно с любимия партньор на Черния петък ,"В края сме на една различна година, изпълнена с много предизвикателства и промени. Знаем, че по време на големите намаления всяка секунда е ценна, затова имаме удоволствието и тази година да бъдем до нашите клиенти като Любимия партньор на Черния петък.",2020-11-05T11:47:10+02:00,https://www.unicreditbulbank.bg/bg/za-nas/media/novini/specheli-shoping-bitkata-zaedno-s-lyubimiya-partno/
25,big data,Бъди готов за всяка ситуация с екипировка от DECATHLON с 0% лихва от УКФ,"Бъди готов за всяка ситуация с екипировка от DECATHLON с 0% лихва, такси, ГПР при покупка на изплащане от УниКредит Кънсюмър Файненсинг!",2020-11-02T12:29:13+02:00,https://www.unicreditbulbank.bg/bg/za-nas/media/novini/budi-gotov-za-vsqka-situaciq-s-ekipirovka/
26,big data,Изцяло дигитално отпускане на потребителски и стокови кредити от УниКредит Кънсюмър Файненсинг,През септември клиентите на дружеството могат да се възползват от страхотни промоции за покупки на изплащане.,2020-09-09T16:19:12+03:00,https://www.unicreditbulbank.bg/bg/za-nas/media/novini/digitalno-otpuskane-na-krediti/
27,big data,"0% лихва, такси, ГПР за 10 месеца от УниКредит Кънсюмър Файненсинг в ИКЕА","Предложението е валидно само за физически лица при кандидатстване за потребителски кредит за покупка на стоки и услуги на обща стойност над 1000 лв. (след приспадане на евентуално използвани ваучери/отстъпки и други подобни), в периода до 30.06.2021",2020-06-22T17:13:58+03:00,https://www.unicreditbulbank.bg/bg/za-nas/media/novini/0-lihva-taksi-gpr-za-10-meseca-ot-ucf-ikea/
28,big data,Вземете iPad Pro онлайн с Apple Pay от iStyle и УниКредит Кънсюмър Файненсинг,"Сега можете да закупите новия <strong>iPad Pro </strong>онлайн от iStyle с Apple Pay или безконтактно с Mastercard, добавена в Apple Wallet.",2020-04-09T17:10:43+03:00,https://www.unicreditbulbank.bg/bg/za-nas/media/novini/vzemete-ipad-pro-onlajn-s-apple-pay-ot-istyle-i-un/
29,big data,Вземете iPad Pro онлайн с Apple Pay от iStyle и УниКредит Кънсюмър Файненсинг,"Сега можете да закупите новия <strong>iPad Pro </strong>онлайн от iStyle с Apple Pay или безконтактно с Mastercard, добавена в Apple Wallet.",2020-04-09T17:10:43+03:00,https://www.unicreditbulbank.bg/bg/za-nas/media/novini/vzemete-ipad-pro-onlajn-s-apple-pay-ot-istyle-i-un/
30,big data,"10% отстъпка за всяка покупка от Гюлиян и 0% лихва, такси, ГПР при покупка на изплащане от УКФ",За всички любители на луксозни аксесоари Гюлиян и УниКредит Кънсюмър Файненсинг имат страхотна оферта.,2020-01-13T15:58:43+02:00,https://www.unicreditbulbank.bg/bg/za-nas/media/novini/10-otstupka-2020/
31,big data,В УниКредит Кънсюмър Файненсинг заедно засаждаме бъдеще,"Доброволци от УниКредит Кънсюмър Файненсинг и филиал Пловдив „Кючук Париж“, заедно с част от семействата сизадружно засадиха65 дръвчета в близост до парк „Белите брези“ в град Пловдив.",2019-11-14T10:58:22+02:00,https://www.unicreditbulbank.bg/bg/za-nas/media/novini/zaedno-zasazhdame-bdeshe/
32,big data,"0% лихва, такси, ГПР от УниКредит Кънсюмър Файненсинг в магазини от веригата MDL",В началото на есента УниКредит Кънсюмър Файненсинг е подготвил поредната страхотна изненада за своите клиенти.,2019-10-09T14:58:51+03:00,https://www.unicreditbulbank.bg/bg/za-nas/media/novini/0-lihva-taksi-gpr-ot-unikredit-knsyumr-MDL/
33,big data,Възползвайте се от разнообразието и пазарувайте с отстъпка на изплащане,"Богат избор от стоки чакат своя нов собственик, сега с допълнителна отстъпка при покупка на изплащане!",2019-08-07T12:11:37+03:00,https://www.unicreditbulbank.bg/bg/za-nas/media/novini/vuzpolzvaite-se-ot-raznoobrazieto/
34,big data,Вземете избрани смартфони от ново поколение с 0% оскъпяване от УниКредит Кънсюмър Файненсинг и eMAG!,"Подарете си летен подарък, запечатайте своите специални моменти и се насладете на всички най-нови функционалности.",2019-07-11T10:22:43+03:00,https://www.unicreditbulbank.bg/bg/za-nas/media/novini/vzemete-izbrani-smartfoni-ot-novo-pokolenie/
35,big data,С УниКредит Кънсюмър Файненсинг и IKEA почивката е още по-достъпна,"До 31 август УниКредит Кънсюмър Файненсинг &nbsp;и IKEA ще са в съвместна промоционална кампания - 0% лихви, такси и ГПР за 10-месечен период на изплащане.",2019-07-04T15:13:49+03:00,https://www.unicreditbulbank.bg/bg/za-nas/media/novini/s-unicredit-consumer-financing-i-ikea/
36,big data,-15% за всяка закупена книга от УниКредит Кънсюмър Файненсинг и Ozonе.Bg!,-15% за всяка закупена книга от УниКредит Кънсюмър Файненсинг и Ozonе.Bg!,2019-06-10T16:59:43+03:00,https://www.unicreditbulbank.bg/bg/za-nas/media/novini/15-procenta-ucf-ozonebg/
37,big data,Промоция до 30 юни от УниКредит Кънсюмър Файненсинг и IKEA ,"До 30 юни УниКредит Кънсюмър Файненсинг &nbsp;и IKEA ще са в съвместна промоционална кампания, 0% лихви, 0% такси, 0% ГПР за 10-месечен период на изплащане.",2019-05-14T15:21:53+03:00,https://www.unicreditbulbank.bg/bg/za-nas/media/novini/promociq-do-30-uni-zaedno-s-ucf/
38,big data,Направете страхотни снимки с невероятните предложения от УКФ и ФотоСинтезис!,Направете най-страхотните снимки с невероятните предложения от УниКредит Кънсюмър Файненсинг и ФотоСинтезис!,2019-05-13T14:31:59+03:00,https://www.unicreditbulbank.bg/bg/za-nas/media/novini/napravete-nai-strahotnite-snimki/
39,big data,Атрактивни великденски оферти от УниКредит Кънсюмър Файненсинг и TОП ШОП!,"Предстоят два от най-светлите и почитани семейни празници – Великден и Гергьовден, а какво е празник без подарък: <strong>УниКредит Кънсюмър Файненсинг</strong> и <strong>ТОП ШОП</strong> са подготвили голямо разнообразие от стоки, които може да закупите на равни месечни вноски, без оскъпяване за 6, 10 или 12 месеца.",2019-04-10T16:26:48+03:00,https://www.unicreditbulbank.bg/bg/za-nas/media/novini/atraktivni-velikdenski-oferti-ot-unicredit-2019/
40,big data,Сега може да вземете мечтания часовник на равни месечни вноски от УниКредит Кънсюмър Файненсинг,"За нас е истинско удоволствие да съобщим на нашите клиенти, че вече могат да пазаруват в любимите си магазини за часовници, на равни месечни вноски към УниКредит Кънсюмър Файненсинг.",2019-03-12T14:01:36+02:00,https://www.unicreditbulbank.bg/bg/za-nas/media/novini/sega-mozhe-da-vzemete-mechtaniya-chasovnik-ucf/
41,big data,За първи път на българския пазар – УниКредит Кънсюмър Файненсинг в партньорство с MDL shop!,В месеца на любовта и виното УниКредит Кънсюмър Файненсинг е подготвил поредната страхотна изненада за своите клиенти.,2019-02-11T18:03:48+02:00,https://www.unicreditbulbank.bg/bg/za-nas/media/novini/za-purvi-put-na-bulgarskiq-pazar-ucf/
42,big data,"0% лихва, такси, ГПР от УниКредит Кънсюмър Файненсинг в eMAG!","До 14 февруари УниКредит Кънсюмър Файненсинг&nbsp;и eMAG ще са в съвместна промоционална кампания, 0% лихва, такси, ГПР за 6 или 10 месечен период на изплащане, за избрани и обозначени с етикет 0% лихва стоки.&nbsp;&nbsp;",2019-02-08T17:20:02+02:00,https://www.unicreditbulbank.bg/bg/za-nas/media/novini/0-lihva-taksi-gpr-ot-unicredit-emag/
43,big data,"0% лихва, такси, ГПР за 6 месеца от УниКредит Кънсюмър Файненсинг в ИКЕА","До 03 март УниКредит Кънсюмър Файненсинг &nbsp;и IKEA &nbsp;&nbsp;ще са в съвместна промоционална кампания, позволяваща закупуването на стоки над 300 лв. на вноски и без оскъпяване - 0% лихва, 0% такси, 0% ГПР за 6 месечен период на изплащане.&nbsp;&nbsp;",2019-02-08T17:12:12+02:00,https://www.unicreditbulbank.bg/bg/za-nas/media/novini/0-lihva-taksi-gpr-za-6-meseca-ikea/
44,big data,Ново партньорство между УниКредит Кънсюмър Файненсинг и Cashterminal ,Ново партньорство между УниКредит Кънсюмър Файненсинг и Cashterminal ще донесе допълнително удобство при плащането на месечни вноски от клиентите.,2018-12-13T12:43:58+02:00,https://www.unicreditbulbank.bg/bg/za-nas/media/novini/novo-partnorstvo-mejdu-ucf-cashterminal/
45,big data,Ново партньорство между УниКредит Кънсюмър Файненсинг и Cashterminal ,Ново партньорство между УниКредит Кънсюмър Файненсинг и Cashterminal ще донесе допълнително удобство при плащането на месечни вноски от клиентите.,2018-12-13T12:43:58+02:00,https://www.unicreditbulbank.bg/bg/za-nas/media/novini/novo-partnorstvo-mejdu-ucf-cashterminal/
46,big data,Теодора Петкова ще поеме от Левон Хампарцумян поста председател на УС и главен изпълнителен директор,Надзорният съвет на УниКредит Булбанк одобри Теодора Петкова да поеме позициите на председател на Управителния съвет и главен изпълнителен директор на УниКредит Булбанк. Промяната ще влезе в силa на 1 май 2019 г. след&nbsp; получаване на необходимите регулаторни одобрения от БНБ.,2018-11-02T09:23:51+02:00,https://www.unicreditbulbank.bg/bg/za-nas/media/novini/teodora-petkova-shte-poeme-ot-levon-hampartzumian/
47,big data,Теодора Петкова ще поеме от Левон Хампарцумян поста председател на УС и главен изпълнителен директор,Надзорният съвет на УниКредит Булбанк одобри Теодора Петкова да поеме позициите на председател на Управителния съвет и главен изпълнителен директор на УниКредит Булбанк. Промяната ще влезе в силa на 1 май 2019 г. след&nbsp; получаване на необходимите регулаторни одобрения от БНБ.,2018-11-02T09:23:51+02:00,https://www.unicreditbulbank.bg/bg/za-nas/media/novini/teodora-petkova-shte-poeme-ot-levon-hampartzumian/
48,big data,Анализ на икономическия екип на УниКредит: България превъзхожда региона на ЦИЕ в растежа ,"Ако се сбъдне прогнозираният ръст от 4.4% за тази година, за периода&nbsp;&nbsp;&nbsp;&nbsp; 2015-2019 ръстът на БВП на страната ще е най-силният след румънския.",2018-04-18T14:27:29+03:00,https://www.unicreditbulbank.bg/bg/za-nas/media/novini/analiz-na-ikonomicheskiya-ekip-na-unikredit-blgari/
49,big data,Анализ на икономическия екип на УниКредит: България превъзхожда региона на ЦИЕ в растежа ,"Ако се сбъдне прогнозираният ръст от 4.4% за тази година, за периода&nbsp;&nbsp;&nbsp;&nbsp; 2015-2019 ръстът на БВП на страната ще е най-силният след румънския.",2018-04-18T14:27:29+03:00,https://www.unicreditbulbank.bg/bg/za-nas/media/novini/analiz-na-ikonomicheskiya-ekip-na-unikredit-blgari/
50,big data,Икономическия екип на УниКредит Булбанк: Перспективата за българските банки остава благоприятна,"Икономическата среда, в която българските банките осъществяват дейността, си ще продължи да се подобрява и през 2018 г. , показват данните на екип Икономически проучвания на УниКредит Булбанк.",2018-01-18T10:04:45+02:00,https://www.unicreditbulbank.bg/bg/za-nas/media/novini/analiz-na-ikonomicheskiya-ekip-na-unikredit-bulban/
51,big data,Икономическия екип на УниКредит Булбанк: Перспективата за българските банки остава благоприятна,"Икономическата среда, в която българските банките осъществяват дейността, си ще продължи да се подобрява и през 2018 г. , показват данните на екип Икономически проучвания на УниКредит Булбанк.",2018-01-18T10:04:45+02:00,https://www.unicreditbulbank.bg/bg/za-nas/media/novini/analiz-na-ikonomicheskiya-ekip-na-unikredit-bulban/
52,big data,Проучване на УниКредит за банковия сектор на ЦИЕ 2018: Устойчив растеж и възможности,"Макроикономическата среда в Централна и Източна Европа ще остане благоприятна, оказвайки положително влияние и върху банковия сектор.",2018-01-16T17:28:40+02:00,https://www.unicreditbulbank.bg/bg/za-nas/media/novini/prouchvane-na-unikredit-za-bankoviya-sektor-na-cen/
53,big data,Двама големи победители получават награда от по 5 хил. лв. за сбъдване на детски мечти,Жените са по-склонни да сбъдват желания – над 65% от участниците са дами. Най-често мечтите на българите са свързани с екскурзия.,2017-10-13T12:53:53+03:00,https://www.unicreditbulbank.bg/bg/za-nas/media/novini/dvama-golemi-pobediteli-poluchavat-nagrada-ot-po-5/
54,big data,Започна кандидатстването за първия Хакатон за ЦИЕ на УниКредит,"Двудневен маратон по програмиране върху решения по Ревизираната директива за платежни услуги (PSD2) ще се проведе в началото на септември в Любляна, Словения;",2017-07-24T11:32:37+03:00,https://www.unicreditbulbank.bg/bg/za-nas/media/novini/zapochna-kandidatstvaneto-za-prviya-hakaton-za-cie/
55,big data,Директор ИТ на УниКредит Булбанк Пепа Колева: Пълна дигитализация без компромис с ИТ сигурността,"УниКредит Булбанк поднови успешно своите сървъри, сторидж системи и комуникационна инфраструктура, за да отговори на нарастващия брой клиенти и операции, и увеличаващите се бази данни.",2017-02-27T10:12:06+02:00,https://www.unicreditbulbank.bg/bg/za-nas/media/novini/direktor-it-na-unikredit-bulbank-pepa-koleva-celta/
56,big data,Директор ИТ на УниКредит Булбанк Пепа Колева: Пълна дигитализация без компромис с ИТ сигурността,"УниКредит Булбанк поднови успешно своите сървъри, сторидж системи и комуникационна инфраструктура, за да отговори на нарастващия брой клиенти и операции, и увеличаващите се бази данни.",2017-02-27T10:12:06+02:00,https://www.unicreditbulbank.bg/bg/za-nas/media/novini/direktor-it-na-unikredit-bulbank-pepa-koleva-celta/
57,big data,Левон Хампарцумян: България се учи от грешките на страните с по-развити финансови услуги,България има привилегията да се учи от грешките на страните с по-развити финансови услуги и да възприема само най-добрите услуги и технологии,2016-06-14T09:03:00+03:00,https://www.unicreditbulbank.bg/bg/za-nas/media/novini/levon-hampartsumian-balgariia-se-uchi-ot-greshkite/
58,big data,"От серията „Финанси за нефинансисти“ в блога на УниКредит Булбанк: Краят на безплатните курсове в най-престижните университети в света  наближава. Вижте пет, които не бива да изпускате",УниКредит Булбанк споделя своя селекция на (все още!) безплатни курсове за финанси и управление на личния бюджет от висококвалифицирани и световно признати учени и преподаватели,2016-03-08T08:03:00+02:00,https://www.unicreditbulbank.bg/bg/za-nas/media/novini/kraiat-na-bezplatnite-kursove-v-universitetite/
59,big data,"От серията „Финанси за нефинансисти“ в блога на УниКредит Булбанк: Краят на безплатните курсове в най-престижните университети в света  наближава. Вижте пет, които не бива да изпускате",УниКредит Булбанк споделя своя селекция на (все още!) безплатни курсове за финанси и управление на личния бюджет от висококвалифицирани и световно признати учени и преподаватели,2016-03-08T08:03:00+02:00,https://www.unicreditbulbank.bg/bg/za-nas/media/novini/kraiat-na-bezplatnite-kursove-v-universitetite/
60,big data,Bulbank Pay спечели ИТ проект на годината в корпоративния сектор,"Интегрираната платформа за услуги Bulbank Pay на УниКредит Булбанк е големият победител в категория „Корпоративен сектор“ в годишните награди за „ИТ проект на годината“ на ICT Media и вестник Computerworld, които тази година празнуват своя 25-годишен юбилей.",2016-02-25T08:03:00+02:00,https://www.unicreditbulbank.bg/bg/za-nas/media/novini/bulbank-pay-specheli-it-proekt-na-godinata/
61,big data,Euromoney: проучване и класация за частно банкиране и управление на богатството,"Проучването на Euromoney събира и анализира количествени и качествени данни от 600 институции, от 90 страни по света, в 15 различни продуктови категории, свързани с частното банкиране. За първи път има и две нови категории и те са в областта на иновациите.",2016-02-19T08:03:00+02:00,https://www.unicreditbulbank.bg/bg/za-nas/media/novini/euromoney-prouchvane-i-klasatsiia-za-chastno-banki/
62,big data,От серията „Финанси за нефинансисти: практични съвети за управление на парите“: Пет съвета как парите могат да подобрят любовния ви живот,"Според проучване на Money Magazine двойките се карат за пари повече, отколкото за секс.",2016-02-11T08:03:00+02:00,https://www.unicreditbulbank.bg/bg/za-nas/media/novini/ot-seriiata-finansi-za-nefinansisti-praktichni-5/
63,big data,Проучване на УниКредит за банковия сектор в ЦИЕ 2016: Очаква се увеличаване на кредитирането и намаляване на лошите кредити,"Според прогнозите на УниКредит икономическото възстановяване ще подкрепи кредитирането, особено в някои страни в региона, където се наблюдаваше известно изоставане. Нивата на лошите кредити се очаква да намалеят.",2016-01-20T08:03:00+02:00,https://www.unicreditbulbank.bg/bg/za-nas/media/novini/prouchvane-na-unikredit-za-bankovia-sektor-v-tsie/
64,big data,Проучване на УниКредит за банковия сектор в ЦИЕ 2016: Очаква се увеличаване на кредитирането и намаляване на лошите кредити,"Според прогнозите на УниКредит икономическото възстановяване ще подкрепи кредитирането, особено в някои страни в региона, където се наблюдаваше известно изоставане. Нивата на лошите кредити се очаква да намалеят.",2016-01-20T08:03:00+02:00,https://www.unicreditbulbank.bg/bg/za-nas/media/novini/prouchvane-na-unikredit-za-bankovia-sektor-v-tsie/
65,big data,Иновации в полза на клиента: В клоновата мрежа на УниКредит Булбанк вече можем да се сдобием и с мобилни устройства на изплащане,"Новата версия на Булбанк Мобайл интегрира една от последните иновации при смартфоните – защита с пръстов отпечатък, както и интуитивен интерфейс за работа с таблети.",2015-07-27T09:03:00+03:00,https://www.unicreditbulbank.bg/bg/za-nas/media/novini/inovatsii-v-polza-na-klienta-v-klonovata-mrezha/
66,big data,УниКредит Булбанк с първи частен облак във финансовия сектор,ИТ процесите в банката са по-ефективни след успешното завършване на проекта.,2015-07-20T09:03:00+03:00,https://www.unicreditbulbank.bg/bg/za-nas/media/novini/unikredit-bulbank-s-prvi-chasten-oblak-vv-finansov/
67,big data,С ново мобилно приложение на УниКредит Булбанк дамите получават навигация за отстъпки до 50%,В Donna Catalogue могат да бъдат намерени 250 търговски марки в над 550 обекта.,2015-07-08T09:03:00+03:00,https://www.unicreditbulbank.bg/bg/za-nas/media/novini/s-novo-mobilno-prilozhenie-na-unikredit-bulbank/
68,big data,Клонове на УниКредит Булбанк обслужват клиенти с удължено работно време през летния сезон,Филиали на банката по Черноморието ще работят събота и неделя.,2015-06-18T09:03:00+03:00,https://www.unicreditbulbank.bg/bg/za-nas/media/novini/udalzheno-rabotno-vreme-prez-letnia-sezon/
69,big data,Левон Хампарцумян по време на финансовия форум „Иновации“: Бъдещето на банките е и в дигиталния свят,"Бъдещето на банките е и в дигиталния свят. Това каза Левон Хампарцумян, главен изпълнителен директор на УниКредит Булбанк по време на финансовия форум „Иновации“, организиран от Асоциация Банка на годината.",2015-06-16T09:03:00+03:00,https://www.unicreditbulbank.bg/bg/za-nas/media/novini/badeshteto-na-bankite-e-i-v-digitalnia-sviat/
70,big data,Контрол на емоциите и дългосрочен хоризонт носят висока доходност,Балансираното диверсифициране на спестяванията е основна стратегия на богатите по цял свят.,2015-06-15T09:03:00+03:00,https://www.unicreditbulbank.bg/bg/za-nas/media/novini/kontrol-na-emotsiite-i-dalgosrochen-horizont/
71,big data,"Андреа Казини по време на конференцията „По-модерни, по-конкурентноспособни, по-силни“: Ръстът на експорта с най-високи стойности за последните 7 години",БВП с най-голямо повишение на тримесечна база за последните четири години.,2015-06-09T09:03:00+03:00,https://www.unicreditbulbank.bg/bg/za-nas/media/novini/rastat-na-eksporta-s-nai-visoki-stoinosti/
72,big data,Българинът изхарчи за празниците близо 370 млн. лв. основно за дрехи и електроника,С 33% е скочил обемът на плащанията на ПОС терминали през декември спрямо същия месец на миналата година.,2015-01-07T08:03:00+02:00,https://www.unicreditbulbank.bg/bg/za-nas/media/novini/balgarint-izkharchi-za-praznitsite-blizo-370mln-lv/
73,big data,Левон Хампарцумян по време на Forbes CEE Forum: Ролята на чуждите инвестиции за българската икономика се променя,"Значително подобряване на търсенето се наблюдава в сектора на земеделието, експортно-ориентираната част от някои сектори, бизнес услугите и промишлеността.",2014-09-23T09:03:00+03:00,https://www.unicreditbulbank.bg/bg/za-nas/media/novini/levon-hampartsumian-po-vreme-na-forbes-cee-forum/
74,big data,В съответствие с влизащите в сила промени в Закона за потребителския кредит: УниКредит Булбанк обновява своята оферта за „Ипотечен кредит и още нещо“,Банката следва политиката на прозрачност и експертите й са подготвени да консултират клиентите за най-доброто за тях решение,2014-07-22T09:03:00+03:00,https://www.unicreditbulbank.bg/bg/za-nas/media/novini/v-saotvetstvie-s-vlizashtite-v-sila-promeni/
75,big data,УниКредит Булбанк финансира близо 300 студенти по програма „Академична лига“,"На голяма популярност се радва и овърдрафта срещу студентска стипендия, който е създаден именно по идея на студенти.",2014-07-21T09:03:00+03:00,https://www.unicreditbulbank.bg/bg/za-nas/media/novini/unikredit-bulbank-finansira-blizo-300-studenti/
76,big data,Работен панел на Euromoney “Финансиране на малки и средни предприятия“: Банките са най-сигурното и достъпно решение,"Само едно от девет предприятия има над 10 служители, тези МСП не могат да си набавят финансиране от капиталовите пазари.",2014-01-14T08:03:00+02:00,https://www.unicreditbulbank.bg/bg/za-nas/media/novini/raboten-panel-na-euromoney-finansirane/
77,big data,УниКредит Булбанк посрещна Купата на UEFA Champions League в София,"Фабио Капело, официален посланик на УниКредит за UEFA Champions League и Робер Пирес, официален посланик за България на Обиколката на Купата на UEFA Champions League дадоха старт на тридневното събитие пред Народния театър „Иван Вазов“.",2013-10-18T09:03:00+03:00,https://www.unicreditbulbank.bg/bg/za-nas/media/novini/unikredit-bulbank-posreshtna-kupata-na-uefa-sofia/
78,big data,Новите технологии определят бъдещето на банкирането,"УниКредит Булбанк и Mobile Monday дадoха официален старт на конкурса за мобилни приложения и интерактивно съдържание UniCredit App Challenge, powered by Mobile Monday с награден фонд над 10 хил. лв.",2013-05-28T09:03:00+03:00,https://www.unicreditbulbank.bg/bg/za-nas/media/novini/novite-tehnologii-opredeliat-badeshteto-na-bankira/
79,big data,По данни на УниКредит Булбанк: Плащанията на ПОС терминали по декемврийските празници скочиха с 63%,"Традиционно българите са направили по-големите си покупки по Коледа, когато транзакциите са били на стойност 40.4 млн. лв.",2013-01-28T08:03:00+02:00,https://www.unicreditbulbank.bg/bg/za-nas/media/novini/po-danni-na-unikredit-plashtaniiata-skochiha-s-63/
80,big data,Депозити за домакинства - обобщение за 2012 г. и прогнози за 2013 г.,"И през тази година домакинствата най-вероятно ще останат предпазливи в техните финансови решения и потребителско поведение в среда на високи нива на безработицата, бавен ръст на доходите, ниски пенсии, високи цени на храните и пасивен пазар на недвижимите имоти.",2013-01-03T08:03:00+02:00,https://www.unicreditbulbank.bg/bg/za-nas/media/novini/depoziti-za-domakinstva-obobshchenie-za-2012-g/
81,big data,По данни на УниКредит Булбанк: Жените държат близо 54% от депозитите,"Близо 54% от депозитите, открити в УниКредит Булбанк, принадлежат на жени, става ясно от данни на банката. В същото време мъжете имат преобладаващ дял в кредитните карти - 53%.",2012-11-20T08:03:00+02:00,https://www.unicreditbulbank.bg/bg/za-nas/media/novini/po-danni-na-unikredit-bulbank-zhenite-darzhat/
82,big data,УниКредит Булбанк с нови структурирани депозити с инвестиции в доказани международни компании,"Вложенията в PepsiCo, Novartis, American Electric Power, Johnson&amp;Johnson, McDonald’s дават възможност за реализиране на допълнителна по-висока доходност.",2012-11-05T08:03:00+02:00,https://www.unicreditbulbank.bg/bg/za-nas/media/novini/unikredit-bulbank-s-novi-strukturirani-depoziti/
83,big data,Плащанията на ПОС терминали с кредитни карти на УниКредит Булбанк са скочили с над 30%,Банката ще зарадва един свой клиент с VIP пакет за финала на UEFA Champions League;,2012-09-18T09:03:00+03:00,https://www.unicreditbulbank.bg/bg/za-nas/media/novini/plashtaniiata-na-pos-terminali-s-kreditni-karti/
84,big data,Активите на частните клиенти в УниКредит Булбанк достигнаха 665 млн. лв.,В Централна и Източна Европа УниКредит управлява активи на стойност 13 млрд. евро на частни клиенти,2012-03-19T08:03:00+02:00,https://www.unicreditbulbank.bg/bg/za-nas/media/novini/aktivite-na-chastnite-klienti-v-unikredit-665/
85,big data,Пайъниър Инвестмънтс спечели награда за своите глобални инвестиционни фондове с фиксиран доход,Отличието се дава за постижения в управлението на активи и обслужването на фондове от списание Global Investor,2011-07-28T09:03:00+03:00,https://www.unicreditbulbank.bg/bg/za-nas/media/novini/painir-investmnts-specheli-nagrada/
86,big data,Седемцифрена възвращаемост на най-стария фонд на Pioneer Investments предизвика компютърен срив,"Непостигана досега възвращаемост на взаимен фонд от над един милион процента предизвика проблеми в системите на компанията Lipper, глобалния лидер в предоставянето на информация за взаимните фондове по света.",2011-02-22T08:03:00+02:00,https://www.unicreditbulbank.bg/bg/za-nas/media/novini/sedemtsifrena-vazvrashtaemost-na-nai-stariia-fond/
87,big data,След 9 години на българския пазар: Активите на най-голямото дружество за взаимни фондове Пайъниър Инвестмънтс надхвърлиха 215 млн. лева,"След девет години присъствие на българския пазар, активите на Пайъниър Инвестмънтс, най-голямото дружество за взаимни фондове у нас, надхвърлят 215 млн. лв.",2011-02-16T08:03:00+02:00,https://www.unicreditbulbank.bg/bg/za-nas/media/novini/sled-9-godini-na-balgarskiia-pazar-aktivite/
88,big data,Анализ на УниКредит за развитието на сектора на недвижимите имоти в България: Моловете изместиха търговските улици ,"Наемите на площите на търговските улици в София, които вече сериозно пострадаха от откритите в последните години молове, ще продължат да падат.",2011-01-05T08:03:00+02:00,https://www.unicreditbulbank.bg/bg/za-nas/media/novini/analiz-na-unikredit-za-razvitieto-na-sektora/
89,big data,"Според данни на УниКредит Булбанк: Пловдивчани спестяват в кризата, банката отчита ръст на депозитите",Почти 10% годишен ръст на депозитите на граждани в Пловдивския регион отчита УниКредит Булбанк към края на октомври.,2010-12-16T08:03:00+02:00,https://www.unicreditbulbank.bg/bg/za-nas/media/novini/spored-danni-na-unikredit-bulbank-plovdivchani/
90,big data,Над 40% от отпуснатите през лятото ипотечни заеми от УниКредит Булбанк са „Първи дом” ,През миналия месец този процент дори се е увеличил до близо половината от всички отпуснати от банката ипотечни заеми.,2010-10-26T09:03:00+03:00,https://www.unicreditbulbank.bg/bg/za-nas/media/novini/nad-40-ot-otpusnatite-prez-liatoto-ipotechni-zaemi/
91,big data,УниКредит Булбанк откри корпоративен филиал в Русе,"Банката създава новия филиал, за да подобри бързината и ефективността на обслужване на корпоративните клиенти в региона",2010-09-28T09:03:00+03:00,https://www.unicreditbulbank.bg/bg/za-nas/media/novini/unikredit-bulbank-otkri-korporativen-filial-v-ruse/
92,big data,Анализ на УниКредит Груп: Централна и Източна Европа печели пазарен дял в производството на автомобили в кризата ,ЦИЕ вече произвежда една четвърт от автомобилите в Европа,2010-06-04T09:03:00+03:00,https://www.unicreditbulbank.bg/bg/za-nas/media/novini/analiz-na-unikredit-grup-tsentralna-i-iztochna/
93,big data,УниКредит Булбанк започва кампания за отказване от хартиените извлечения,"Кампанията е част от цялостната Зелена програма на банката, започнала още през 2008",2010-03-31T09:03:00+03:00,https://www.unicreditbulbank.bg/bg/za-nas/media/novini/unikredit-bulbank-zapochva-kampaniia-za-otkazvane/
94,big data,УНИЦЕФ и УниКредит Булбанк подписват дългосрочно партньорство по проект за приемна грижа „Приеми ме!”,УниКредит Булбанк подкрепи най-голямата организация за правата на децата УНИЦЕФ в осигуряването на семейна среда и приемни семейства за повече български деца.,2009-12-09T08:03:00+02:00,https://www.unicreditbulbank.bg/bg/za-nas/media/novini/unitsef-i-unikredit-bulbank-podpisvat-dlgosrochno/
95,big data,УниКредит Лизинг излезе начело по нов бизнес и пазарен дял за първото полугодие,За периода УниКредит е реализирала сделки за над 80 млн. евро,2009-08-26T09:03:00+03:00,https://www.unicreditbulbank.bg/bg/za-nas/media/novini/unikredit-lizing-izleze-nachelo-po-nov-biznes/
96,big data,Според анализ на УниКредит Груп:  През тази година хватката на рецесията ще продължи да се затяга,Положителната страна на дългия период на по-нисък от потенциалния растеж е бързото намаляване на дефицита по текущата сметка,2009-07-14T09:03:00+03:00,https://www.unicreditbulbank.bg/bg/za-nas/media/novini/spored-analiz-na-unikredit-grup-prez-tazi-godina/
97,big data,Италиански предприемачи в България и бизнес асоциация ще работят за подобряване на търговския обмен с Италия ,"Консултативният комитет на италианските предприемачи в България подписа договор за сътрудничество с Конфиндустрия, най-голямата италианска бизнес асоциация, която обединява повече от 126 хиляди компании в Италия.",2009-04-09T09:03:00+03:00,https://www.unicreditbulbank.bg/bg/za-nas/media/novini/italianski-predpriemachi-v-blgariia-i-biznes-asots/
98,big data,УниКредит Булбанк ще реинвестира цялата си печалба за 2008г. в подкрепа на българската икономика,"Банката отчита над 21% ръст на активите за миналата година, изпреварвайки пазара",2009-04-01T09:03:00+03:00,https://www.unicreditbulbank.bg/bg/za-nas/media/novini/unikredit-bulbank-shche-reinvestira-tsialata/
99,big data,„Девет седмици и половина” в УниКредит Булбанк ,"Всеки клиент, който депозира средства за „Девет седмици и половина” в УниКредит Булбанк, само след 66 дни гарантирано ще разполага със 7% на годишна база повече от първоначално вложената сума в лева или 5% в евро.",2008-11-19T08:03:00+02:00,https://www.unicreditbulbank.bg/bg/za-nas/media/novini/devet-sedmitsi-i-polovina-v-unikredit-bulbank/
100,big data,УниКредит Булбанк успешно пласира емисия облигации на БАКБ ,Българо-американска кредитна банка (БАКБ) издаде шеста по ред емисия ипотечни облигации на стойност 35 млн. евро. Водещият мениджър на емисията УниКредит Булбанк успешно приключи вчера продажбата на емисията на институционални инвеститори.,2008-07-31T09:03:00+03:00,https://www.unicreditbulbank.bg/bg/za-nas/media/novini/unikredit-bulbank-uspeshno-plasira-emisiia/
101,big data,"Euromoney връчи приза за ""Най-добра банка в България"" на УниКредит Булбанк ",Годишна класация 2008 на международнoто финансово списание Euromoney,2008-07-01T09:03:00+03:00,https://www.unicreditbulbank.bg/bg/za-nas/media/novini/euromoney-vrchi-priza-za-nai-dobra-banka-v--070108/
102,big data,Класация за 2008 г. на Global Finance: УниКредит Булбанк e “Най-добра банка” в България ,УниКредит Булбанк е избрана за „Най-добра банка в България” от международното издание Global Finance. Наградата се определя в годишното проучване на списанието за най-добрите банки по света. Традиционно победителите се обявяват в майския брой на Global Finance.,2008-05-21T09:03:00+03:00,https://www.unicreditbulbank.bg/bg/za-nas/media/novini/klasatsiia-za-2008-g-na-global-finance-unikredit/
103,big data,Пазарът на недвижими имоти в България: Има ли балон и дали ще се спука? ,Дали пазарът на недвижима собственост ще повтори сценария на фондовата борса или като алтернатива на падащите индекси имотите все още не са достигнали своя ценови връх?,2008-02-20T08:03:00+02:00,https://www.unicreditbulbank.bg/bg/za-nas/media/novini/pazart-na-nedvizhimi-imoti-v-blgariia-ima-li-balon/
104,big data,Награди на Euromoney за изключителни постижения 2007: УниКредит Булбанк е “Най-добра банка” и “Най-добра инвестиционна банка” в България ,За първи път Euromoney дава две награди едновременно на българска банка,2007-07-11T09:03:00+03:00,https://www.unicreditbulbank.bg/bg/za-nas/media/novini/nagradi-na-euromoney-za-izkliuchitelni-postizhenii/
105,big data,УниКредит Груп получи две международни награди за инвестиционното си банкиране ,УниКредит Булбанк е с водещата позиция на БФБ с 18% от оборота на борсата през първите четири месеца на годината,2007-05-09T09:03:00+03:00,https://www.unicreditbulbank.bg/bg/za-nas/media/novini/unikredit-grup-poluchi-dve-mezhdunarodni-nagradi/
106,big data,Международните банкови групи разширяват бизнеса си в Централна и Източна Европа ,"Заемите за граждани, домакинства и малки фирми са основен фактор на растеж в региона; добрите макроикономически перспективи подкрепят и увеличаването на корпоративните заеми",2006-07-26T09:03:00+03:00,https://www.unicreditbulbank.bg/bg/za-nas/media/novini/mezhdunarodnite-bankovi-grupi-razshiriavat-biznesa/
107,cloud compute,Директор ИТ на УниКредит Булбанк Пепа Колева: Пълна дигитализация без компромис с ИТ сигурността,"УниКредит Булбанк поднови успешно своите сървъри, сторидж системи и комуникационна инфраструктура, за да отговори на нарастващия брой клиенти и операции, и увеличаващите се бази данни.",2017-02-27T10:12:06+02:00,https://www.unicreditbulbank.bg/bg/za-nas/media/novini/direktor-it-na-unikredit-bulbank-pepa-koleva-celta/
108,cloud compute,Класация на Global Finance: УниКредит Булбанк е най-добрата дигитална банка в България за 2016 г.,Наградата на банката ще бъде връчена през октомври в Лондон по време на международната Digital Bank Conference.,2016-07-22T09:03:00+03:00,https://www.unicreditbulbank.bg/bg/za-nas/media/novini/klasatsiia-global-finance-unikredit-bulbank-2016/
109,blockchain,УниКредит Булбанк е лидер в услугите за търговско финансиране в страната,"<strong>УниКредит Булбанк</strong> е лидер в услугите за търговско финансиране в страната, показват резултатите от последната класация на<strong> Euromoney за 2018</strong>.&nbsp;",2018-01-09T14:36:52+02:00,https://www.unicreditbulbank.bg/bg/za-nas/media/novini/unikredit-bulbank-e-lider-v-uslugite-za-trgovsko-f/
110,blockchain,УниКредит е инвестирала 25 млн. евро във финтех компании през 2016 г.  ,До 2019 г. групата ще вложи рекордните 2.3 млрд. евро в нови информационни и комуникационни технологии,2017-04-26T16:47:52+03:00,https://www.unicreditbulbank.bg/bg/za-nas/media/novini/unikredit-e-investirala-25-mln-evro-vv-finteh-komp/
111,изкуствен интелект,Откриване на Coworking Space за студентите в ИУ Варна с подкрепата на УниКредит Булбанк,"В Икономически университет – Варна официално беше открито споделено пространство Coworking Space за студентите, създадено с подкрепата на УниКредит Булбанк.",2023-02-01T10:22:29+02:00,https://www.unicreditbulbank.bg/bg/za-nas/media/novini/oficialno-otkrivane-na-coworking-space-za-studenti/
112,изкуствен интелект,УниКредит дава 50 000 евро награда в Appathon 2016 - състезанието за иновативни мобилни приложения,Това е голямата награда в тазгодишния Appathon на групата - онлайн състезанието за разработчици на финансови услуги,2016-07-05T09:03:00+03:00,https://www.unicreditbulbank.bg/bg/za-nas/media/novini/unikredit-dava-50-000-evro-nagrada-v-appathon-2016/
113,големи данни,Фондация УниКредит и Teach For All подписаха партньорство на стойност 5.5 милиона евро,"Фондация УниКредит и глобалната образователна мрежа Teach For All (TFA) обявиха тригодишно партньорство на стойност 5.5 милиона евро, с което ще допринесат за качествено образование в училища с недостатъчни образователни ресурси в Европа и ще насърчат идеята за качествено образование за всички деца.",2023-11-06T16:46:03+02:00,https://www.unicreditbulbank.bg/bg/za-nas/media/novini/fondaciya-unikredit-i-tfa-podpisaha-partnorstvo/
114,големи данни,Дигиталният потребителски кредит на УниКредит Кънсюмър Файненсинг е по-гъвкав и удобен за клиента,"Водещият стремеж на дъщерното дружеството на УниКредит Булбанк е предлагането на по-гъвкави дигитални продукти и услуги за клиентите, както и екосъобразни процеси.",2023-07-24T14:53:54+03:00,https://www.unicreditbulbank.bg/bg/za-nas/media/novini/digitalniyat-potrebitelski-kredit-na-ucfin/
115,големи данни,Стартира инициативата Together4Digital в подкрепа на дигитализацията на МСП в България,УниКредит Булбанк в сътрудничество с Майкрософт и Crayon стартират инициативата Together4Digital в България.&nbsp;,2023-02-14T13:30:18+02:00,https://www.unicreditbulbank.bg/bg/za-nas/media/novini/startira-iniciativata-together4digital/
116,големи данни,В началото на 2023 година всеки 10-и потребителски кредит в УниКредит Булбанк е дигитално сключен,Все повече клиенти предпочитат бързия и удобен процес при сключване на потребителски кредит при суми до 5&nbsp;000 лева.,2023-02-06T14:54:06+02:00,https://www.unicreditbulbank.bg/bg/za-nas/media/novini/digitalno-sklyuchvane-na-krediti/
117,големи данни,Ръст от 50% отчита УКФ на потърсилите финансиране на стоки и паричен кредит по време на Черния петък,Статистиката на дружеството за потребителско кредитиране УниКредит Кънсюмър Файненсинг отбелязва ръст от 50% на потърсилите финансиране на стоки и паричен кредит в дните на намаления тази година.,2022-12-08T11:20:11+02:00,https://www.unicreditbulbank.bg/bg/za-nas/media/novini/rust-50-procenta-ucf/
118,големи данни,Стандарти на УниКредит за финансово измерване в рамките на „Банкиране със социално въздействие“,Системата за измерване и оценка е разработена съвместно с експертната група Human Foundation за по-високи резултати на финансовите проекти със социално въздействие.,2021-05-31T16:56:45+03:00,https://www.unicreditbulbank.bg/bg/za-nas/media/novini/unikredit-opredelya-standarti-za-finansovo-izmerva/
119,големи данни,"УКБ ще отпуска заеми до 2 млн. лева на бизнеса, засегнат от COVID-19","УниКредит Булбанк подписа споразумение за удължаване на програмата с Българска банка за развитие (ББР) за портфейлни гаранции в подкрепа на ликвидността на микро-, малките, средни и големи предприятия, пострадали от пандемията от СOVID-19.",2021-04-09T14:38:09+03:00,https://www.unicreditbulbank.bg/bg/za-nas/media/novini/ucb-she-otpuska-zaemi-do-2-mln-leva-na-biznesa-/
120,големи данни,Клиентите на ипотечни кредити с нова възможност да намалят вноските си,"Клиентите на УниКредит Булбанк имат възможност да се възползват от преференциални условия за ипотечно кредитиране на имоти с висок енергиен клас, коментираха експерти от банката по време на онлайн пресконференция, посветена на възможностите на пазара на ипотеките.",2021-02-17T13:44:47+02:00,https://www.unicreditbulbank.bg/bg/za-nas/media/novini/klientite-na-ipotechni-krediti-s-nova-vzmozhnost/
121,големи данни,Класация SeeNews ТOP 100 SEE: УКБ е най-високо в подреждането от българските банки,УниКредит Булбанк запазва шестото си място в класацията на 100-те най-добри банки на SeeNews за региона на Югоизточна Европа (ЮИЕ). Банката е първа по големина сред българските участници и единственият представител на страната в топ 10.,2020-11-17T13:02:53+02:00,https://www.unicreditbulbank.bg/bg/za-nas/media/novini/klasaciya-seenews-top-100-see-ukb-e-naj-visoko-v/
122,големи данни,УниКредит в България с нова карта с възможност за разсрочено плащане на покупките ,"УниКредит в България предоставя нова банкова карта на своите клиенти, която съчетава стоковото кредитиране с характеристиките на кредитните карти.",2020-10-05T17:26:38+03:00,https://www.unicreditbulbank.bg/bg/za-nas/media/novini/unikredit-v-blgariya-s-nova-karta-s-vzmozhnost-za/
123,големи данни,Електронно подписване на кредити в Булбанк Мобайл,"В ерата на дигитализацията УниКредит Груп отговаря мигновено на развиващите се технологии, като вече предлага на своите клиенти дистанционно подписване на договори за потребителски кредити.",2020-06-09T17:26:42+03:00,https://www.unicreditbulbank.bg/bg/za-nas/media/novini/elektronno-podpisvane-na-krediti-v-bulbank-mobile/
124,големи данни,Пет хиляди клиенти ще бъдат обслужвани изцяло дистанционно,"Около пет хиляди клиенти на УниКредит Булбанк ще бъдат обслужвани изцяло дистанционно – чрез т.нар. алтернативни канали на банката: кол център, Булбанк Онлайн, Булбанк Мобайл и др.",2019-06-25T11:38:54+03:00,https://www.unicreditbulbank.bg/bg/za-nas/media/novini/inovaciya-v-unikredit-bulbank/
125,големи данни,"Теодора Петкова участва във Финансов форум Иновации, организиран от Асоциация Банка на годината",Има огромна промяна в клиентските очаквания и начина на потребяване на финансовите услуги. Основен фокус вече е клиентското преживяване.,2019-06-12T17:17:54+03:00,https://www.unicreditbulbank.bg/bg/za-nas/media/novini/teodora-petkova-uchastva-vv-finansov-forum-inovaci/
126,големи данни,България е в топ три на страните от региона по икономически ръст за годината,"Анализ на УниКредит, представен на Годишната среща на ЕБВР.",2019-05-08T17:52:10+03:00,https://www.unicreditbulbank.bg/bg/za-nas/media/novini/blgariya-e-v-top-tri-na-stranite-ot-regiona-po-iko/
127,големи данни,Общото събрание на акционерите на УниКредит Булбанк взе решение за разпределяне на дивидент,"УниКредит Булбанк &nbsp;ще разпредели&nbsp; 430 039 011,07 лева от печалбата си за 2018 г. след облагане с данъци за изплащане на дивиденти на акционерите.",2019-04-10T17:03:43+03:00,https://www.unicreditbulbank.bg/bg/za-nas/media/novini/obshoto-sbranie-na-akcionerite-na-ucb-2019/
128,големи данни,България ще е сред трите държави с най-стабилен ръст на БВП в региона през 2019 г.,В рамките на форума експертите на УниКредит представиха изгледите и прогнозите си за развитие за региона на Централна и Източна Европа (ЦИЕ).,2019-01-16T11:29:06+02:00,https://www.unicreditbulbank.bg/bg/za-nas/media/novini/blgariya-she-e-sred-trite-drzhavi-s-naj-stabilen-r/
129,големи данни,УниКредит: Иновациите в дигиталното банкиране ще формират ръста в сектора в ЦИЕ,"На глобално ниво, 2018 г. ще е девета поредна година, в която ръстът на световната икономика ще е 3.5%&nbsp; или повече.",2018-05-09T16:00:18+03:00,https://www.unicreditbulbank.bg/bg/za-nas/media/novini/unikredit-inovaciite-v-digitalnoto-bankirane-she-f/
130,големи данни,Експерти от земеделския сектор: Промените в потреблението изискват инвестиции в нови технологии,"Международният център на УниКредит Булбанк беше домакин на среща на организаторите на изложението Macfruit и местни производители. Европейците отделят все по-голяма част от доходите си за качествена храна,&nbsp; нараства делът на онлайн търговията и при плодовете и зеленчуците",2018-03-08T16:06:45+02:00,https://www.unicreditbulbank.bg/bg/za-nas/media/novini/eksperti-ot-zemedelskiya-sektor-promenite-v-potreb/
131,големи данни,Полезни насоки за предпазване от фишинг атаки,"Поради зачестили сигнали от клиенти за получаване на съобщения по електронна поща от името на банката, изискващи въвеждане на имейл адреси, пароли, картови и лични данни, бихме искали да Ви обърнем внимание, че банката не изпраща подобен тип нотификации и искания за информация.",2018-03-07T14:11:21+02:00,https://www.unicreditbulbank.bg/bg/za-nas/media/novini/polezni-nasoki-za-predpazvane-ot-fishing-ataki/
132,големи данни,Икономическия екип на УниКредит Булбанк: Перспективата за българските банки остава благоприятна,"Икономическата среда, в която българските банките осъществяват дейността, си ще продължи да се подобрява и през 2018 г. , показват данните на екип Икономически проучвания на УниКредит Булбанк.",2018-01-18T10:04:45+02:00,https://www.unicreditbulbank.bg/bg/za-nas/media/novini/analiz-na-ikonomicheskiya-ekip-na-unikredit-bulban/
133,големи данни,Проучване на УниКредит за банковия сектор на ЦИЕ 2018: Устойчив растеж и възможности,"Макроикономическата среда в Централна и Източна Европа ще остане благоприятна, оказвайки положително влияние и върху банковия сектор.",2018-01-16T17:28:40+02:00,https://www.unicreditbulbank.bg/bg/za-nas/media/novini/prouchvane-na-unikredit-za-bankoviya-sektor-na-cen/
134,големи данни,Двама големи победители получават награда от по 5 хил. лв. за сбъдване на детски мечти,Жените са по-склонни да сбъдват желания – над 65% от участниците са дами. Най-често мечтите на българите са свързани с екскурзия.,2017-10-13T12:53:53+03:00,https://www.unicreditbulbank.bg/bg/za-nas/media/novini/dvama-golemi-pobediteli-poluchavat-nagrada-ot-po-5/
135,големи данни,Започна кандидатстването за първия Хакатон за ЦИЕ на УниКредит,"Двудневен маратон по програмиране върху решения по Ревизираната директива за платежни услуги (PSD2) ще се проведе в началото на септември в Любляна, Словения;",2017-07-24T11:32:37+03:00,https://www.unicreditbulbank.bg/bg/za-nas/media/novini/zapochna-kandidatstvaneto-za-prviya-hakaton-za-cie/
136,големи данни,„Ден на инвестициите II“ на УниКредит Булбанк в партньорство с Pioneer Investments и Алианц България,"Вторият „Ден на инвестициите“, даде отговори на въпросите: Защо е важно да управлявам спестяванията си и как те да работят за мен?; Как моето утре зависи от моите решения днес? и Какви са световните тенденции в инвестирането?",2017-04-27T12:32:40+03:00,https://www.unicreditbulbank.bg/bg/za-nas/media/novini/konferenciya-den-na-investiciite-ii-na-unikredit-b/
137,големи данни,Левон Хампарцумян: Бъдещето на банкирането е синхрон между нови технологии и традиционно банкиране,Иновациите няма да изместят човешкия интерфейс в банкирането,2017-02-23T16:06:08+02:00,https://www.unicreditbulbank.bg/bg/za-nas/media/novini/levon-hamparcumyan-bdesheto-na-bankiraneto/
138,големи данни,Ипотечното и потребителското кредитиране нарастват през 2016 г.,Ипотечното и потребителското кредитиране в България нарастват през 2016 г. на фона на раздвижване на жилищния пазар.,2016-12-30T10:32:32+02:00,https://www.unicreditbulbank.bg/bg/za-nas/media/novini/ipotechnoto-i-potrebitelskoto-kreditirane-narastva/
139,големи данни,"Дигитализацията е навсякъде около нас, банките също се дигитализират","Дигитализацията е навсякъде около нас, банките се дигитализират също, за да отговорят на промененото поведение на клиентите.",2016-11-09T08:03:00+02:00,https://www.unicreditbulbank.bg/bg/za-nas/media/novini/digitalizatsiiata-e-navsiakade-okolo-nas/
140,големи данни,"Левон Хампарцумян: Новите технологии ще променят вида на предлаганите услуги, но не и същността на банковата дейност","Хампарцумян представи пред студентите своята визия за бъдещето на бизнеса и на банките и коментира актуални теми като биткойн валутата, дигитализацията на индустриите, финтех компаниите.",2016-10-28T09:03:00+03:00,https://www.unicreditbulbank.bg/bg/za-nas/media/novini/novite-tehnologii-shte-promeniat-vida-na-uslugite/
141,големи данни,"Полезни съвети как да се предпазим от ""фишинг"" атаки","Поради зачестили сигнали от клиенти за получаване на съобщения по електронна поща от името на банката, изискващи въвеждане на имейл адрес и/или потребителско име и парола, бихме искали да обърнем внимание, че става дума за опит за злоупотреба.",2016-10-17T09:03:00+03:00,https://www.unicreditbulbank.bg/bg/za-nas/media/novini/polezni-sveti-kak-da-se-predpazim-ot-fishing-ataki/
142,големи данни,SEE Top 100: УниКредит Булбанк отново е начело в класацията на банките у нас,УниКредит Булбанк е единствената българска банка в топ 10 за цяла Югоизточна Европа,2016-10-04T09:03:00+03:00,https://www.unicreditbulbank.bg/bg/za-nas/media/novini/see-top-100-unikredit-bulbank-otnovo-e-nachelo/
143,големи данни,Класация на Global Finance: УниКредит Булбанк е най-добрата дигитална банка в България за 2016 г.,Наградата на банката ще бъде връчена през октомври в Лондон по време на международната Digital Bank Conference.,2016-07-22T09:03:00+03:00,https://www.unicreditbulbank.bg/bg/za-nas/media/novini/klasatsiia-global-finance-unikredit-bulbank-2016/
144,големи данни,"Полезни насоки как да се предпазим от ""фишинг"" атаки","Поради зачестили сигнали от клиенти за получаване на съобщения по електронна поща от името на банката, изискващи въвеждане на имейл адрес и парола, бихме искали да обърнем внимание, че става дума за опит за злоупотреба.",2016-07-19T09:03:00+03:00,https://www.unicreditbulbank.bg/bg/za-nas/media/novini/polezni-nasoki-kak-da-se-predpazim-ot-fishing/
145,големи данни,"Кристофор Павлов: На България й трябват инвестиции в производства, които разкриват работни места","България има нужда от селективен подход при привличането на преки чуждестранни инвестиции (ПЧИ) – трябват ни не просто инвестиции, а желаните инвестиции, които имат най-големия потенциал да подпомогнат икономическия растеж и създаването на работни места.",2016-06-15T09:03:00+03:00,https://www.unicreditbulbank.bg/bg/za-nas/media/novini/kristofor-pavlov-na-blgariia-i-triabvat-investitsi/
146,големи данни,Левон Хампарцумян: България се учи от грешките на страните с по-развити финансови услуги,България има привилегията да се учи от грешките на страните с по-развити финансови услуги и да възприема само най-добрите услуги и технологии,2016-06-14T09:03:00+03:00,https://www.unicreditbulbank.bg/bg/za-nas/media/novini/levon-hampartsumian-balgariia-se-uchi-ot-greshkite/
147,големи данни,"Филип Генов, вицепрезидент и старши мениджър „Специални проекти“ в УниКредит Булбанк , на форума за иновации Innovation Explorer 2016: Недостатъците в държавата ни правят амбициозни и желаещи да променяме ","Намирането на решения там, където повечето хора виждат предимно тъжни новини, е един от ключовете към успешния бизнес.",2016-02-26T08:03:00+02:00,https://www.unicreditbulbank.bg/bg/za-nas/media/novini/filip-genov-vitseprezident-i-starshi-menidzhr/
148,големи данни,Bulbank Pay спечели ИТ проект на годината в корпоративния сектор,"Интегрираната платформа за услуги Bulbank Pay на УниКредит Булбанк е големият победител в категория „Корпоративен сектор“ в годишните награди за „ИТ проект на годината“ на ICT Media и вестник Computerworld, които тази година празнуват своя 25-годишен юбилей.",2016-02-25T08:03:00+02:00,https://www.unicreditbulbank.bg/bg/za-nas/media/novini/bulbank-pay-specheli-it-proekt-na-godinata/
149,големи данни,Euromoney: проучване и класация за частно банкиране и управление на богатството,"Проучването на Euromoney събира и анализира количествени и качествени данни от 600 институции, от 90 страни по света, в 15 различни продуктови категории, свързани с частното банкиране. За първи път има и две нови категории и те са в областта на иновациите.",2016-02-19T08:03:00+02:00,https://www.unicreditbulbank.bg/bg/za-nas/media/novini/euromoney-prouchvane-i-klasatsiia-za-chastno-banki/
150,големи данни,От серията „Финанси за нефинансисти: практични съвети за управление на парите“: Пет съвета как парите могат да подобрят любовния ви живот,"Според проучване на Money Magazine двойките се карат за пари повече, отколкото за секс.",2016-02-11T08:03:00+02:00,https://www.unicreditbulbank.bg/bg/za-nas/media/novini/ot-seriiata-finansi-za-nefinansisti-praktichni-5/
151,големи данни,Дежурни филиали на УниКредит Булбанк ще работят с клиенти и през празничните дни,"УниКредит Булбанк ще обслужва клиенти през празничните и почивни дни - на 24, 25, 26, 31 декември и 2 януари 2016 г. 18 дежурни офиса на банката в София, Пловдив, Варна, Бургас, Русе, Плевен, Велико Търново, Стара Загора и Благоевград ще бъдат отворени.",2015-12-22T08:03:00+02:00,https://www.unicreditbulbank.bg/bg/za-nas/media/novini/dezhurni-filiali-na-unikredit-shte-rabotiat/
152,големи данни,"Акценти от участие на Левон Хампарцумян в сутрешния блок на Нова телевизия: Питайте банката или външен експерт, препоръчва банкерът","Ако някой не разбира напълно договор или споразумение за ползване на финансова услуга, силно препоръчвам винаги да пита банката, която предлага услугата. Ако отговорът не ги удовлетворява, да питат и някой друг, който разбира.",2015-12-03T08:03:00+02:00,https://www.unicreditbulbank.bg/bg/za-nas/media/novini/aktsenti-ot-uchastie-na-levon-khampartsumian-v-ntv/
153,големи данни,Хана Читбайова по време на форума „Кариера в България. Защо не?“: Добрият кандидат за работа е гъвкав и адаптивен,Правилната нагласа към непрестанно променящата се среда е също сред важните качества на търсещите работа.,2015-09-10T09:03:00+03:00,https://www.unicreditbulbank.bg/bg/za-nas/media/novini/hana-chitbaiova-po-vreme-na-foruma-kariera-v-bg/
154,големи данни,Иновации в полза на клиента: В клоновата мрежа на УниКредит Булбанк вече можем да се сдобием и с мобилни устройства на изплащане,"Новата версия на Булбанк Мобайл интегрира една от последните иновации при смартфоните – защита с пръстов отпечатък, както и интуитивен интерфейс за работа с таблети.",2015-07-27T09:03:00+03:00,https://www.unicreditbulbank.bg/bg/za-nas/media/novini/inovatsii-v-polza-na-klienta-v-klonovata-mrezha/
155,големи данни,УниКредит Булбанк с първи частен облак във финансовия сектор,ИТ процесите в банката са по-ефективни след успешното завършване на проекта.,2015-07-20T09:03:00+03:00,https://www.unicreditbulbank.bg/bg/za-nas/media/novini/unikredit-bulbank-s-prvi-chasten-oblak-vv-finansov/
156,големи данни,Клонове на УниКредит Булбанк обслужват клиенти с удължено работно време през летния сезон,Филиали на банката по Черноморието ще работят събота и неделя.,2015-06-18T09:03:00+03:00,https://www.unicreditbulbank.bg/bg/za-nas/media/novini/udalzheno-rabotno-vreme-prez-letnia-sezon/
157,големи данни,Йорданка Фандъкова връчи сертификати на дамите от първата Лидерска академия,В церемонията по завършването участва и заместник-министъра на труда и социалната политика Гълъб Донев,2015-02-27T08:03:00+02:00,https://www.unicreditbulbank.bg/bg/za-nas/media/novini/iordanka-fandkova-vrachi-sertifikati-na-damite/
158,големи данни,Кредитирането  в Централна и Югоизточна Европа ще расте с 3.4%,Възстановяването на кредитирането в региона през 2015 г. ще се движи от корпоративния сектор,2015-01-21T08:03:00+02:00,https://www.unicreditbulbank.bg/bg/za-nas/media/novini/kreditiraneto-v-tsentralna-i-iugoiztochna-evropa/
159,големи данни,УниКредит Булбанк ще обслужва клиенти през всички празнични дни,"На разположение на скиорите в Пампорово са автоматични разплащателни станции, чрез които могат да се купуват билети и карти за лифтовете и ски съоръженията с банкови карти.",2014-12-22T08:03:00+02:00,https://www.unicreditbulbank.bg/bg/za-nas/media/novini/unikredit-bulbank-shche-obsluzhva-klienti-122214/
160,големи данни,Левон Хампарцумян по време на Forbes CEE Forum: Ролята на чуждите инвестиции за българската икономика се променя,"Значително подобряване на търсенето се наблюдава в сектора на земеделието, експортно-ориентираната част от някои сектори, бизнес услугите и промишлеността.",2014-09-23T09:03:00+03:00,https://www.unicreditbulbank.bg/bg/za-nas/media/novini/levon-hampartsumian-po-vreme-na-forbes-cee-forum/
161,големи данни,Клоновете на УниКредит Булбанк в морските курорти ще работят с удължено работно време през лятото,"Клоновете на УниКредит Булбанк в морските курорти по време на лятото ще работят с удължено работно време, като повечето ще обслужват клиенти и събота и неделя.",2014-06-02T09:03:00+03:00,https://www.unicreditbulbank.bg/bg/za-nas/media/novini/klonovete-na-unikredit-bulbank-v-morskite-kurorti/
162,големи данни,УниКредит Булбанк открива нов банков филиал на бъдещето,"Филиалът се намира в центъра на София, на бул. „Дондуков“ 9",2014-05-21T09:03:00+03:00,https://www.unicreditbulbank.bg/bg/za-nas/media/novini/unikredit-otkriva-nov-bankov-filial-na-badeshteto/
163,големи данни,Форум Шумът на парите: Цикличните предизвикателства пред банковия сектор отшумяват,"Пазарът, а не законодателните промени, дава най-добрите решения.",2014-05-15T09:03:00+03:00,https://www.unicreditbulbank.bg/bg/za-nas/media/novini/tsiklichni-predizvikatelsta-pred-bankovia-sektor/
164,големи данни,Съветът на жените в бизнеса обяви първата Лидерска академия,"Кандидатури на дами, собственици на малък и среден бизнес, или с 2-3 години опит на средно мениджърско ниво, се приемат до 15 април 2014 г.",2014-03-10T08:03:00+02:00,https://www.unicreditbulbank.bg/bg/za-nas/media/novini/svet-na-zhenite-v-biznesa-obiavi-liderska-akademia/
165,големи данни,Известният италиански консултант Паоло Руджери по време на семинар във Варна: Бизнесът трябва да промени навиците си,"Бизнесът трябва да промени навиците си, защото пречат да се видят новите възможности.",2014-01-29T08:03:00+02:00,https://www.unicreditbulbank.bg/bg/za-nas/media/novini/paolo-rudzheri-po-vreme-na-seminar-vav-varna/
166,големи данни,Работен панел на Euromoney “Финансиране на малки и средни предприятия“: Банките са най-сигурното и достъпно решение,"Само едно от девет предприятия има над 10 служители, тези МСП не могат да си набавят финансиране от капиталовите пазари.",2014-01-14T08:03:00+02:00,https://www.unicreditbulbank.bg/bg/za-nas/media/novini/raboten-panel-na-euromoney-finansirane/
167,големи данни,Financial Times и Mergermarket: УниКредит е финансов консултант на годината за ЦИЕ и Италия,УниКредит получи отличието „Финансов консултант на годината“ за Централна и Източна Европа и за Италия на Годишните европейски награди в областта на сливанията и придобиванията.,2013-12-17T08:03:00+02:00,https://www.unicreditbulbank.bg/bg/za-nas/media/novini/financial-times-i-mergermarket-unikredit/
168,големи данни,"Годишен икономически анализ, автор: Кристофор Павлов","БВП се забави до едва 0.5% очакван ръст за цялата 2013 г., което е и най-ниската стойност за последните три години.",2013-12-16T08:03:00+02:00,https://www.unicreditbulbank.bg/bg/za-nas/media/novini/godishen-ikonomicheski-analiz/
169,големи данни,Активите на Pioneer Investments с ръст от 30% до 130 млн. евро,"Фондът в акции, реализирал най-голяма възвръщаемост през миналата година, е Европейски потенциален с доходност от 21.23%.",2013-06-27T09:03:00+03:00,https://www.unicreditbulbank.bg/bg/za-nas/media/novini/aktivite-na-pioneer-investments-s-rst-ot-30-do-130/
170,големи данни,"Италиански международен бизнес джобен формат: Фирмите, които инвестират и създават условия за устойчиво развитие","Годишен търговски обмен, възлизащ на около 3,5 милиарда евро, 800 активни фирми, 2 милиарда евро инвестиции в страната, оборот възлизащ на 5% от БВП и 25 000 работни места - това са данните за Италия в България",2013-06-14T09:03:00+03:00,https://www.unicreditbulbank.bg/bg/za-nas/media/novini/italianski-mezhdunaroden-biznes-dzhoben-format/
171,големи данни,"В София: Международен  бизнес джобен формат - италианските  фирми, които инвестират и създават устойчиво развитие","Интернационализацията в България е възможна и това ще бъде доказано по време на срещата, директно от няколко предприемачи, които чрез дейността си в страната, са направили собствените си фирми по-силни и конкурентноспособни.",2013-06-11T09:03:00+03:00,https://www.unicreditbulbank.bg/bg/za-nas/media/novini/v-sofiia-mezhdunaroden-biznes-dzhoben-format/
172,големи данни,Новите технологии определят бъдещето на банкирането,"УниКредит Булбанк и Mobile Monday дадoха официален старт на конкурса за мобилни приложения и интерактивно съдържание UniCredit App Challenge, powered by Mobile Monday с награден фонд над 10 хил. лв.",2013-05-28T09:03:00+03:00,https://www.unicreditbulbank.bg/bg/za-nas/media/novini/novite-tehnologii-opredeliat-badeshteto-na-bankira/
173,големи данни,Свиването на кредитирането в Западна Европа няма да има дългосрочен ефект върху региона на ЦИЕ,През следващите няколко години Централна и Източна ще отчита по-голям икономически растеж в сравнение със Западна Европа.,2013-05-10T09:03:00+03:00,https://www.unicreditbulbank.bg/bg/za-nas/media/novini/svivaneto-na-kreditiraneto-v-zapadna-evropa/
174,големи данни,По данни на УниКредит Булбанк: Плащанията на ПОС терминали по декемврийските празници скочиха с 63%,"Традиционно българите са направили по-големите си покупки по Коледа, когато транзакциите са били на стойност 40.4 млн. лв.",2013-01-28T08:03:00+02:00,https://www.unicreditbulbank.bg/bg/za-nas/media/novini/po-danni-na-unikredit-plashtaniiata-skochiha-s-63/
175,големи данни,Депозити за домакинства - обобщение за 2012 г. и прогнози за 2013 г.,"И през тази година домакинствата най-вероятно ще останат предпазливи в техните финансови решения и потребителско поведение в среда на високи нива на безработицата, бавен ръст на доходите, ниски пенсии, високи цени на храните и пасивен пазар на недвижимите имоти.",2013-01-03T08:03:00+02:00,https://www.unicreditbulbank.bg/bg/za-nas/media/novini/depoziti-za-domakinstva-obobshchenie-za-2012-g/
176,големи данни,По данни на УниКредит Булбанк: Жените държат близо 54% от депозитите,"Близо 54% от депозитите, открити в УниКредит Булбанк, принадлежат на жени, става ясно от данни на банката. В същото време мъжете имат преобладаващ дял в кредитните карти - 53%.",2012-11-20T08:03:00+02:00,https://www.unicreditbulbank.bg/bg/za-nas/media/novini/po-danni-na-unikredit-bulbank-zhenite-darzhat/
177,големи данни,УниКредит Булбанк с нови структурирани депозити с инвестиции в доказани международни компании,"Вложенията в PepsiCo, Novartis, American Electric Power, Johnson&amp;Johnson, McDonald’s дават възможност за реализиране на допълнителна по-висока доходност.",2012-11-05T08:03:00+02:00,https://www.unicreditbulbank.bg/bg/za-nas/media/novini/unikredit-bulbank-s-novi-strukturirani-depoziti/
178,големи данни,Корпоративното кредитиране в Централна и Източна Европа: Кредитирането на корпоративния сектор в ЦИЕ е на добро ниво,"Кредитирането на корпоративния сектор в региона на Централна и Източна Европа е на добро ниво, но различният достъп до банково финансиране в отделните държави вероятно ще продължи и през следващите месеци.",2012-05-18T09:03:00+03:00,https://www.unicreditbulbank.bg/bg/za-nas/media/novini/korporativnoto-kreditirane-v-tsentralna-i-iztochna/
179,големи данни,Тримесечен анализ на УниКредит Булбанк за богатството и дълга на домакинствата в България: Жилищното богатство на домакинствата намалява с близо 3 млрд. лв. през последното тримесечие на 2011 г.,Жилищното богатство на домакинствата намалява с близо 3 млрд. лв. през последното тримесечие на 2011 г.,2012-04-05T09:03:00+03:00,https://www.unicreditbulbank.bg/bg/za-nas/media/novini/trimesechen-analiz-na-unikredit-za-bogatstvoto/
180,големи данни,По данни на УниКредит Булбанк: С близо 5 млн. лв. скочиха транзакциите по празниците спрямо 2010 г. ,"Разплащанията през Интернет по Нова година са се увеличили с 50% до 710.8 хил. лв., но средният размер на транзакциите е спаднал до 78 лв. при 86 лв. в края на 2010 г.",2012-01-10T08:03:00+02:00,https://www.unicreditbulbank.bg/bg/za-nas/media/novini/po-danni-na-unikredit-bulbank-s-blizo-5-mln-lv/
181,големи данни,Списание The Banker определи: УниКредит Булбанк е „Банка на годината 2011“  в България,"УниКредит Булбанк получи приза „Банка на годината 2011“ в България от международното списание The Banker, част от групата на Financial Times.",2011-12-01T08:03:00+02:00,https://www.unicreditbulbank.bg/bg/za-nas/media/novini/spisanie-the-banker-opredeli-unikredit-bulbank2011/
182,големи данни,Качеството на кредитите ще започне да се подобрява,Коефициентите за капиталова адекватност на банките се подобряват заради капитализирането на печалбите,2011-11-02T08:03:00+02:00,https://www.unicreditbulbank.bg/bg/za-nas/media/novini/kachestvoto-na-kreditite-shte-se-podobriava/
183,големи данни,Балканските страни със стабилен потенциал за растеж на БВП от 3.5%,Бизнес организацията на италианските компании „Конфиндустрия Балкани” и УниКредит привличат чуждестранни инвеститори в региона със серия от бизнес семинари за италиански компании,2011-10-19T09:03:00+03:00,https://www.unicreditbulbank.bg/bg/za-nas/media/novini/balkanskite-strani-ss-stabilen-potentsial/
184,големи данни,Анализ на УниКредит за богатството на домакинствата в България: По-малко от 5% от домакинствата държат две трети от депозитите,Ръстът на банковите депозити в най-голяма степен е допринесъл за увеличението на богатството на домакинствата през миналата 2010 г.,2011-06-01T09:03:00+03:00,https://www.unicreditbulbank.bg/bg/za-nas/media/novini/analiz-na-unikredit-za-bogatstvoto-na-domakinstva/
185,големи данни,"Анализ за богатството на домакинствата в Централна и Източна Европа през 2011: Условията постепенно  се нормализират, но предизвикателствата продължават",Растежът на приходите би трябвало да подпомогне възобновяването на рисковия апетит на домакинствата.,2011-05-20T09:03:00+03:00,https://www.unicreditbulbank.bg/bg/za-nas/media/novini/analiz-za-bogatstvoto-na-domakinstvata-2011/
186,големи данни,Седемцифрена възвращаемост на най-стария фонд на Pioneer Investments предизвика компютърен срив,"Непостигана досега възвращаемост на взаимен фонд от над един милион процента предизвика проблеми в системите на компанията Lipper, глобалния лидер в предоставянето на информация за взаимните фондове по света.",2011-02-22T08:03:00+02:00,https://www.unicreditbulbank.bg/bg/za-nas/media/novini/sedemtsifrena-vazvrashtaemost-na-nai-stariia-fond/
187,големи данни,Анализ на УниКредит за развитието на сектора на недвижимите имоти в България: Моловете изместиха търговските улици ,"Наемите на площите на търговските улици в София, които вече сериозно пострадаха от откритите в последните години молове, ще продължат да падат.",2011-01-05T08:03:00+02:00,https://www.unicreditbulbank.bg/bg/za-nas/media/novini/analiz-na-unikredit-za-razvitieto-na-sektora/
188,големи данни,Над 40% от отпуснатите през лятото ипотечни заеми от УниКредит Булбанк са „Първи дом” ,През миналия месец този процент дори се е увеличил до близо половината от всички отпуснати от банката ипотечни заеми.,2010-10-26T09:03:00+03:00,https://www.unicreditbulbank.bg/bg/za-nas/media/novini/nad-40-ot-otpusnatite-prez-liatoto-ipotechni-zaemi/
189,големи данни,Конфиндустрия България и Конфиндустрия Балкани: „Италианското предприемачество гледа на изток”,"Конфиндустрия България е един от основните инициатори на създаването на Конфиндустрия Балкани - федерацията на асоциациите на италиански предприятия, работещи на Балканите, чието първо Общо събрание ще се проведе на 13 октомври в хотел „Шератон”.",2010-09-29T09:03:00+03:00,https://www.unicreditbulbank.bg/bg/za-nas/media/novini/konfindustriia-blgariia-i-konfindustriia-balkani/
190,големи данни,УниКредит Булбанк откри корпоративен филиал в Русе,"Банката създава новия филиал, за да подобри бързината и ефективността на обслужване на корпоративните клиенти в региона",2010-09-28T09:03:00+03:00,https://www.unicreditbulbank.bg/bg/za-nas/media/novini/unikredit-bulbank-otkri-korporativen-filial-v-ruse/
191,големи данни,Анализ на УниКредит Груп: Централна и Източна Европа печели пазарен дял в производството на автомобили в кризата ,ЦИЕ вече произвежда една четвърт от автомобилите в Европа,2010-06-04T09:03:00+03:00,https://www.unicreditbulbank.bg/bg/za-nas/media/novini/analiz-na-unikredit-grup-tsentralna-i-iztochna/
192,големи данни,УниКредит Лизинг получи наградата „Европейска лизингова компания на годината”,УниКредит Лизинг беше обявена за Европейска лизингова компания на годината от водещото списание за новини и анализи за лизинговия пазар в Европа „Лизинг Лайф”.,2009-12-29T08:03:00+02:00,https://www.unicreditbulbank.bg/bg/za-nas/media/novini/unikredit-lizing-poluchi-nagradata-evropeiska/
193,големи данни,Експертите на УниКредит:  Банките компенсират увеличената цена на финансовия ресурс с печалбите си ,Икономическите последствия от депозитната война не трябва да се подценяват,2009-07-16T09:03:00+03:00,https://www.unicreditbulbank.bg/bg/za-nas/media/novini/ekspertite-na-unikredit-bulbank-bankite-kompensira/
194,големи данни,Според анализ на УниКредит Груп:  През тази година хватката на рецесията ще продължи да се затяга,Положителната страна на дългия период на по-нисък от потенциалния растеж е бързото намаляване на дефицита по текущата сметка,2009-07-14T09:03:00+03:00,https://www.unicreditbulbank.bg/bg/za-nas/media/novini/spored-analiz-na-unikredit-grup-prez-tazi-godina/
195,големи данни,България печели Купата на УЕФА Шампионска лига през есента,"Българските фенове на най-популярния футболен турнир ще могат да видят и да се снимат с ценния трофей благодарение на УниКредит, официален спонсор на УЕФА за следващите три сезона",2009-07-01T09:03:00+03:00,https://www.unicreditbulbank.bg/bg/za-nas/media/novini/blgariia-pecheli-kupata-na-uefa-shampionska-liga/
196,големи данни,Конференция на УниКредит Груп на Годишната среща на ЕБВР в Лондон,Конференция на УниКредит Груп на Годишната среща на ЕБВР в Лондон,2009-05-15T09:03:00+03:00,https://www.unicreditbulbank.bg/bg/za-nas/media/novini/konferentsiia-na-unikredit-grup-na-godishnata-sres/
197,големи данни,Италиански предприемачи в България и бизнес асоциация ще работят за подобряване на търговския обмен с Италия ,"Консултативният комитет на италианските предприемачи в България подписа договор за сътрудничество с Конфиндустрия, най-голямата италианска бизнес асоциация, която обединява повече от 126 хиляди компании в Италия.",2009-04-09T09:03:00+03:00,https://www.unicreditbulbank.bg/bg/za-nas/media/novini/italianski-predpriemachi-v-blgariia-i-biznes-asots/
198,големи данни,УниКредит Булбанк избра Варна за първия си специализиран Корпоративен център,Фирменото кредитиране в региона е нараснало с 30% през миналата година,2009-03-16T08:03:00+02:00,https://www.unicreditbulbank.bg/bg/za-nas/media/novini/unikredit-bulbank-izbra-varna-za-prviia-si-spetsia/
199,големи данни,Банковият пазар на ЦИЕ все още крие възможности за растеж ,"Държавите в региона трябва да реагират на променената обстановка, за да постигнат сценария на „меко приземяване”",2008-10-21T09:03:00+03:00,https://www.unicreditbulbank.bg/bg/za-nas/media/novini/bankoviiat-pazar-na-tsie-vse-oshche-krie-vzmozhnos/
200,големи данни,За първи път у нас УниКредит Булбанк и Visa пускат V PAY – дебитна карта с чип ,"V PAY предлага на картодържателите най-високото ниво на сигурност, съчетано с модерен дизайн",2008-10-16T09:03:00+03:00,https://www.unicreditbulbank.bg/bg/za-nas/media/novini/za-pravi-pat-u-nas-unikredit-bulbank-i-visa-puskat/
201,големи данни,УниКредит Груп се присъединява към европейската система „Анализ на риска” на глобалната Асоциацията по управление на риска ,Услугата подобрява допълнително управлението на риска в полза на клиентите и акционерите на банките-участнички,2008-03-12T08:03:00+02:00,https://www.unicreditbulbank.bg/bg/za-nas/media/novini/unikredit-grup-se-prisediniava-kam-evropeiskata/
202,големи данни,Пазарът на недвижими имоти в България: Има ли балон и дали ще се спука? ,Дали пазарът на недвижима собственост ще повтори сценария на фондовата борса или като алтернатива на падащите индекси имотите все още не са достигнали своя ценови връх?,2008-02-20T08:03:00+02:00,https://www.unicreditbulbank.bg/bg/za-nas/media/novini/pazart-na-nedvizhimi-imoti-v-blgariia-ima-li-balon/
203,големи данни,Как 1 000 долара могат да станат 11.5 млн. долара ,Pioneer Investments отбелязва 80-годишен юбилей в света и 5 години успешно представяне в България,2008-02-13T08:03:00+02:00,https://www.unicreditbulbank.bg/bg/za-nas/media/novini/kak-1-000-dolara-mogat-da-stanat-115-mln-dolara/
204,големи данни,УниКредит Груп получи две международни награди за инвестиционното си банкиране ,УниКредит Булбанк е с водещата позиция на БФБ с 18% от оборота на борсата през първите четири месеца на годината,2007-05-09T09:03:00+03:00,https://www.unicreditbulbank.bg/bg/za-nas/media/novini/unikredit-grup-poluchi-dve-mezhdunarodni-nagradi/
205,големи данни,Булбанк и програмата ‘Verified by Visa’ дават тласък на електронната търговия в България ,"Visa International обяви, че Булбанк е първата банка в България, успешно завършила процеса по сертифициране на Verified by Visa („Проверено от Visa"") и вече предлага услугата на своите търговци.",2006-10-25T09:03:00+03:00,https://www.unicreditbulbank.bg/bg/za-nas/media/novini/bulbank-i-programata-verified-by-visa-davat-tlask/
206,големи данни,Международните банкови групи разширяват бизнеса си в Централна и Източна Европа ,"Заемите за граждани, домакинства и малки фирми са основен фактор на растеж в региона; добрите макроикономически перспективи подкрепят и увеличаването на корпоративните заеми",2006-07-26T09:03:00+03:00,https://www.unicreditbulbank.bg/bg/za-nas/media/novini/mezhdunarodnite-bankovi-grupi-razshiriavat-biznesa/
207,блокчейн,УниКредит е инвестирала 25 млн. евро във финтех компании през 2016 г.  ,До 2019 г. групата ще вложи рекордните 2.3 млрд. евро в нови информационни и комуникационни технологии,2017-04-26T16:47:52+03:00,https://www.unicreditbulbank.bg/bg/za-nas/media/novini/unikredit-e-investirala-25-mln-evro-vv-finteh-komp/
